t,x,y
0.0,575.4973821989529,-250.0523560209424
0.03333333333333333,574.3098389279849,-249.80546302570133
0.06666666666666667,574.2624510467681,-247.98801707473694
0.1,573.4054157071255,-245.80329604722965
0.13333333333333333,573.7369233740819,-244.04664101037315
0.16666666666666669,574.4732433138333,-242.09070476632996
0.2,574.4806188140556,-240.07545657811852
0.23333333333333334,574.6053520322553,-240.0026720617377
0.26666666666666666,575.5004113317686,-240.0633916882307
0.30000000000000004,574.7557769441655,-239.94848126104944
0.33333333333333337,573.6330605664516,-237.20219920184218
0.3666666666666667,571.227322235301,-235.7513340679593
0.4,572.3544814684628,-236.12890018727512
0.43333333333333335,572.013810645059,-236.99033263404726
0.4666666666666667,571.8158986658118,-238.05543031306524
0.5,572.044352852573,-239.14004341741975
0.5333333333333333,571.6121981593146,-241.20411801993077
0.5666666666666667,570.1044929343939,-247.72108573188848
0.6000000000000001,557.9057591623039,-262.61780104712057
0.6333333333333334,530.2161445069378,-287.68576352467403
0.6666666666666667,490.03174826868144,-320.7979262236645
0.7000000000000001,437.3695180310824,-355.91807099686184
0.7333333333333334,371.38173572320466,-385.75156518218864
0.7666666666666667,324.9848350177381,-403.65471670098395
0.8,221.15183246073298,-405.8638743455497
0.8333333333333334,153.26347920515855,-413.8612160249909
0.8666666666666667,54.33447323719338,-416.8722576134053
0.9,-47.74869109947633,-436.0209424083771
0.9333333333333333,-145.226638299383,-424.15244139241963
0.9666666666666667,-291.51832460732976,-398.32460732984305
1.0,-344.2931937172774,-400.8376963350786
1.0333333333333334,-437.4956522489854,-383.6050750859263
1.0666666666666667,-533.5136761222616,-391.66903760629975
1.1,-612.2365113897538,-373.71492013226043
1.1333333333333333,-681.4024395299432,-375.63724516099023
1.1666666666666667,-735.8831493490552,-376.3000537101457
1.2000000000000002,-775.3528080181202,-378.3743094041481
1.2333333333333334,-795.4877847371586,-378.790754144557
1.2666666666666668,-797.9505697701925,-376.50678074705866
1.3,-783.4368043308771,-371.49153582369627
1.3333333333333335,-755.841007672977,-365.13074154773267
1.3666666666666667,-716.4995282272223,-356.9075913684694
1.4000000000000001,-664.0224446509869,-348.07987920195046
1.4333333333333333,-591.8235183338156,-341.125799985869
1.4666666666666668,-519.6870704574044,-338.2560886973338
1.5016666666666667,-438.80960268356057,-342.1914474323005
1.5350000000000001,-372.26708757382175,-350.2366442672044
1.5683333333333334,-278.0835155152388,-366.1617000246738
1.6016666666666668,-193.91824488148313,-380.1326967962618
1.635,-113.10179976898507,-392.1636261617341
1.6683333333333334,-30.784604451595442,-399.2672888416412
1.7016666666666669,42.72251308900525,-390.7853403141362
1.735,111.96732604447743,-387.7678608554345
1.7683333333333335,176.02014905558008,-379.7619106875891
1.8016666666666667,236.1960789554637,-367.7917080999555
1.8350000000000002,290.105976613625,-351.773330270079
1.8683333333333334,336.17107845340024,-334.8568194053357
1.9016666666666668,373.93223994826667,-318.99508210363956
1.935,403.0817059549536,-309.02048812999783
1.9683333333333335,434.7643979057593,-315.3926701570681
2.001666666666667,443.1155191154171,-327.65901526399193
2.035,439.9740095043753,-345.6078749809351
2.0683333333333334,428.9527641022828,-367.6228647642897
2.101666666666667,404.96954594780027,-393.62212775992543
2.1350000000000007,370.1576283650529,-417.5975299406184
2.1683333333333334,289.34211454538445,-411.15285004316183
2.2016666666666667,268.9005235602094,-436.0209424083771
2.2350000000000003,227.83753036570852,-439.1477979926799
2.2683333333333335,165.8115600295905,-438.08541274119307
2.3016666666666667,92.98429319371735,-443.5602094240837
2.335,28.858853953312746,-450.86455510684095
2.3683333333333336,-33.938749341942184,-438.4901898598773
2.401666666666667,-95.06190631822346,-432.6315013022122
2.435,-157.46807626109558,-420.62842841592965
2.468333333333334,-210.9907830286345,-407.68237739435995
2.501666666666667,-260.37887355811245,-398.1198123427364
2.535,-268.81879489343874,-362.27299687538743
2.5683333333333334,-346.30235566932606,-360.2093447596651
2.601666666666667,-320.0131693048015,-359.80082068116053
2.6350000000000007,-348.47080344412666,-357.8940444491493
2.6683333333333334,-354.0358790487917,-355.2934467280679
2.7016666666666667,-362.1512655163981,-349.2952551570079
2.7350000000000003,-364.2377012577233,-340.4660038315544
2.7683333333333335,-366.2989674146245,-329.93848324530836
2.8016666666666667,-357.1449355024729,-319.4067685326245
2.835,-353.3032066701594,-309.5815241055084
2.8683333333333336,-333.9687092407057,-305.54926685258033
2.901666666666667,-369.62769679336316,-305.711594382459
2.935,-362.75743863572825,-314.7396059809057
2.968333333333334,-335.043523312881,-327.6961968577534
3.001666666666667,-317.4876226742763,-345.55128440695125
3.035,-282.59184670740547,-362.71015399805424
3.0683333333333334,-253.13685931302552,-378.88907577606096
3.101666666666667,-228.32883127767536,-392.7902064374375
3.1350000000000007,-205.35451533796413,-401.90156252214774
3.1683333333333334,-143.1307876510366,-406.09159925329095
3.2016666666666667,-123.5922617987469,-405.85614067272263
3.2350000000000003,-102.93294266091198,-398.95584775486304
3.2683333333333335,-100.52356020942398,-408.37696335078545
3.3016666666666667,-81.23082875681439,-423.22735435188133
3.3350000000000004,-60.3340160562916,-418.96966980409
3.3683333333333336,-42.72251308900513,-383.24607329842934
3.401666666666667,-15.078534031413596,-393.29842931937173
3.435,-0.49874634546222296,-420.15213402700374
3.468333333333334,13.099856043090767,-438.335352832019
3.501666666666667,28.034546095999758,-420.5811640222855
3.535,39.7561511195629,-434.1034578289791
3.5683333333333334,30.157068062827307,-443.5602094240837
3.601666666666667,45.44182447349249,-447.9685430276463
3.6350000000000007,60.27621997331471,-445.9804680778125
3.6683333333333334,72.2566935120185,-438.744182113272
3.701666666666667,84.00865831002102,-427.71786453762775
3.7350000000000003,93.09615719261319,-413.3294761580478
3.7683333333333335,100.91567863971704,-394.90808394829696
3.8016666666666667,107.13900439770305,-393.54165663400477
3.8350000000000004,114.90058761851014,-367.66445873837665
3.8683333333333336,120.59058324155012,-360.6849032253326
3.901666666666667,124.20971300539213,-354.3112849734789
3.935,126.87384468044229,-359.8290243808178
3.968333333333334,127.40820714555093,-368.5231663045861
4.001666666666667,126.18399703384284,-406.2114101450934
4.035,119.82831278683216,-415.1666612437425
4.068333333333333,108.80324826036485,-420.1278481766183
4.101666666666667,92.14525739649389,-422.88444541620356
4.135000000000001,70.3549631749379,-422.8793665020762
4.168333333333334,42.527468006499475,-416.65104507347405
4.201666666666667,8.74217073184991,-409.7622644960461
4.235,-29.625415302539068,-391.83760357468486
4.2683333333333335,-71.77422874985496,-386.8857835887761
4.301666666666667,-117.25113245534044,-386.4342941604591
4.335,-164.41467871687655,-390.9141541193933
4.368333333333333,-213.73518043772037,-400.4675264204334
4.401666666666667,-262.9818366289787,-410.45596524796065
4.4350000000000005,-311.82726144546905,-418.42650987984325
4.468333333333334,-359.8082729185105,-420.94037740081876
4.501666666666667,-406.9411636578236,-449.19984966720267
4.536666666666667,-449.81336847007356,-453.33887205960445
4.57,-487.7810620363359,-451.7305798584937
4.6033333333333335,-514.8250113658682,-426.42278798057987
4.636666666666667,-543.8213829736919,-428.6728194160364
4.67,-559.5702081092804,-404.8448817720391
4.703333333333334,-568.7005279687407,-386.1636256407637
4.736666666666667,-569.1000434038444,-369.9605058477414
4.770000000000001,-560.0572214594224,-358.91966432471327
4.803333333333334,-541.9663013895097,-352.41826460114
4.836666666666667,-514.5785543382981,-355.61786620295857
4.87,-480.07905256481445,-378.0071248210422
4.903333333333333,-435.4458522685891,-393.01943406371424
4.936666666666668,-366.91099476439786,-388.27225130890065
4.970000000000001,-314.9349922563283,-400.32861556902276
5.003333333333334,-252.3323862318898,-409.26984355836703
5.036666666666667,-175.91623036649207,-425.96858638743447
5.07,-103.95646261306297,-423.67909204910666
5.1033333333333335,-29.46834472219939,-415.0414713387354
5.136666666666667,47.71322400229337,-401.81753632111986
5.17,125.1630395118541,-385.5579771957655
5.203333333333334,200.74381364899386,-389.50852819062607
5.236666666666667,271.4727801322879,-378.5256356271598
5.270000000000001,333.8942273066923,-344.31592109250687
5.303333333333334,359.3717277486912,-358.11518324607323
5.336666666666667,412.95849857937264,-357.2663324569917
5.37,459.3432420790359,-360.8339522346123
5.403333333333333,494.39044505338643,-366.8899908468452
5.436666666666668,518.2968459295594,-380.9397195304673
5.470000000000001,521.7868738144625,-361.7566872968209
5.503333333333334,518.1145063352305,-391.8784346205962
5.536666666666667,496.31167347636165,-394.92977065602486
5.57,458.53305599156374,-389.0217436596872
5.6033333333333335,410.47753845826765,-398.95344360643867
5.636666666666667,342.65427308614335,-378.30119174327274
5.67,272.1534169440811,-399.9633989125664
5.703333333333334,189.37770981626545,-405.40829060337046
5.736666666666667,100.3078119316815,-411.5287008593582
5.770000000000001,9.394178628080226,-424.175254194864
5.803333333333334,-85.84881256570634,-416.07069080558904
5.836666666666667,-169.5350704352636,-425.8895589264257
5.87,-249.69911935961682,-431.5145759301017
5.903333333333333,-354.3455497382198,-425.96858638743447
5.936666666666668,-424.8361780565783,-422.02572023080756
5.970000000000001,-498.4596467502938,-411.9884596128363
6.003333333333334,-566.7497645101687,-395.9999705540363
6.036666666666667,-630.5724101232895,-374.00610669776324
6.07,-677.134627606355,-350.89262963919305
6.1033333333333335,-715.8911676227364,-326.9658396062282
6.136666666666667,-743.0707330269094,-305.735193982041
6.170000000000001,-757.5540731378417,-290.94177712927376
6.203333333333334,-757.8206954738538,-285.167485058332
6.236666666666667,-742.3314240238068,-290.8773173162781
6.270000000000001,-713.6798335548344,-305.90275509236153
6.303333333333334,-676.4184796638,-325.02538924040846
6.336666666666667,-630.3681067274551,-344.94276263691495
6.37,-569.6925714585136,-366.0463292220302
6.403333333333333,-509.01407089349755,-381.9368080997215
6.436666666666668,-408.6064997654116,-399.99760493524263
6.470000000000001,-317.45455242224057,-407.969053732774
6.503333333333334,-243.7696335078533,-420.9424083769634
6.536666666666667,-155.96906337039422,-418.39895953159134
6.57,-61.7737752795515,-430.7341124610771
6.6033333333333335,32.915659269927346,-421.7090227612762
6.636666666666667,126.91872686180432,-411.0189906441017
6.670000000000001,218.01532343977124,-400.6775214852878
6.703333333333334,301.2377100345409,-384.4629347250077
6.736666666666667,377.44181512781006,-376.5726788856214
6.770000000000001,444.06028262330346,-375.20814548373846
6.803333333333334,496.27516019618906,-358.9892523167018
6.836666666666667,536.2615952128072,-352.8861107727039
6.87,562.0579660629219,-357.14178460206927
6.903333333333334,570.9673602828298,-357.07390867583945
6.936666666666668,569.2897055078561,-366.12139156401827
6.970000000000001,549.3703760320668,-369.8190068148235
7.003333333333334,516.1700061333695,-397.0596053314673
7.036666666666667,468.0740118519948,-400.7462175449343
7.07,404.73994231893903,-380.0384232328163
7.1033333333333335,374.2677742071726,-368.0023929281731
7.136666666666667,321.69605375254923,-370.82049152803256
7.170000000000001,183.45549738219893,-398.32460732984305
7.203333333333334,72.87958115183255,-405.8638743455497
7.236666666666667,-15.529616308997902,-416.0033690723096
7.270000000000001,-104.2855231935464,-422.5076233749028
7.303333333333334,-192.08986673957452,-424.18489967745063
7.336666666666667,-276.53846365897925,-419.5873535106084
7.37,-358.1221736438206,-409.01112592225104
7.403333333333334,-434.2562267376004,-393.94036091364705
7.436666666666668,-502.9293809371686,-375.1588107928487
7.470000000000001,-562.4562583568047,-354.0601008617764
7.505000000000001,-611.014183750854,-333.0758078958122
7.538333333333334,-649.6361046792299,-314.7143303392579
7.571666666666667,-676.9648225385952,-300.95199315552236
7.605,-692.0696327792627,-293.2344275185842
7.638333333333334,-640.8376963350786,-315.3926701570681
7.671666666666667,-634.2512670421092,-322.5856688616418
7.705,-617.0041657514478,-334.459402368077
7.738333333333334,-589.8988229257918,-348.39865724941
7.771666666666667,-553.5876120424099,-363.3318608943571
7.805000000000001,-507.13837927601674,-377.47576819397045
7.838333333333334,-447.32984293193715,-368.1675392670156
7.871666666666667,-376.96335078534025,-400.8376963350786
7.905,-314.62309931455684,-404.84737346144675
7.9383333333333335,-249.96979382898644,-402.53619769830516
7.971666666666668,-182.06021235608523,-394.55910085506594
8.005,-115.2254245771237,-388.0343145520967
8.038333333333334,-52.58027967729504,-381.9801107680214
8.071666666666667,7.74958278746908,-375.3545985202761
8.105,63.05810869433935,-373.0012755371472
8.138333333333334,112.94318490076853,-378.8172076135397
8.171666666666667,158.1245630226756,-386.4458718535652
8.205,197.35013416063862,-392.44088652598884
8.238333333333333,229.80855936448165,-398.4711270897278
8.271666666666667,255.3184309385274,-403.8884549868071
8.305,274.6181327179088,-407.1560151975241
8.338333333333335,286.09168389429624,-406.01212206764285
8.371666666666668,290.37372684353704,-404.35878686686056
8.405000000000001,287.9362309053681,-400.5101341301065
8.438333333333334,279.1598820870672,-395.36014133438266
8.471666666666668,264.3082664128833,-390.6863727314617
8.505,244.66205490138168,-389.0486174733569
8.538333333333334,220.97019223705593,-387.58816938297787
8.571666666666667,193.61838699097234,-389.96794590374157
8.605,164.38518673626072,-397.50239613908207
8.638333333333334,131.887818625426,-405.2658472378232
8.671666666666667,98.40460237071261,-410.06149732408903
8.705,62.237078805769215,-439.9649183690831
8.738333333333333,31.942051117081746,-418.21087968407755
8.771666666666667,0.35879063077936735,-417.99563761370223
8.805,-29.984998706636816,-415.98710996189493
8.838333333333335,-58.03469073974293,-410.9422061860673
8.871666666666668,-83.8104431396423,-402.2443069359899
8.905000000000001,-106.7081527264886,-391.99104132418506
8.938333333333334,-127.06957325703547,-380.0764288712064
8.971666666666668,-144.79276823456712,-369.74059014375325
9.005,-159.8257278374508,-360.275117280255
9.038333333333334,-174.00846912313523,-356.10234681389716
9.071666666666667,-186.2682737381424,-357.65179684159875
9.105,-198.01661123839358,-364.21356498489513
9.138333333333334,-208.21476373666292,-373.296182966777
9.171666666666667,-217.85497685324003,-383.90236922457916
9.205,-226.75313897504202,-394.29262679358544
9.238333333333333,-234.72882041734988,-401.89812910433193
9.271666666666667,-241.70831088240402,-405.73872314686287
9.305,-247.8694007103445,-406.93916651000745
9.338333333333335,-253.08152251812544,-404.72728869393404
9.371666666666668,-257.86363749154316,-401.24646816881295
9.405000000000001,-261.1680785439264,-396.80442471417473
9.438333333333334,-264.8000790112958,-392.84570288305486
9.471666666666668,-268.3165089834438,-388.8500457404143
9.505,-270.36218620384534,-389.5862470737002
9.538333333333334,-271.66399712045813,-393.98726543970133
9.571666666666667,-271.7994982335804,-401.6294593702296
9.605,-270.0057329176957,-409.52193777332013
9.638333333333334,-265.0778282746826,-416.72378938233487
9.671666666666667,-257.8551622560435,-424.3779094377537
9.705,-245.86978195581696,-427.15832764976767
9.738333333333333,-231.00104695628738,-428.431911472539
9.771666666666667,-210.71822607402373,-423.8703139861716
9.805000000000001,-186.06816879034523,-416.2668229320061
9.838333333333335,-158.07786473556234,-407.63820648885803
9.871666666666668,-126.22591555309441,-397.7944527683653
9.905000000000001,-91.25590440375049,-389.64118816582345
9.938333333333334,-54.83943084755083,-385.32434983397616
9.971666666666668,-16.90674269725514,-383.5654593177064
10.005,23.16810502895146,-382.9219269192563
10.038333333333334,62.90260848793105,-384.77324583116297
10.071666666666667,101.20535109779598,-389.12651131750795
10.105,137.74936551096926,-426.86415431777937
10.138333333333334,174.68955327153412,-427.51960102188787
10.171666666666667,208.78604703845394,-425.5599942770946
10.205,240.17637212230306,-421.13682349520104
10.238333333333333,266.85584235639203,-412.791817811795
10.271666666666667,289.26502814410287,-403.3156889617826
10.305000000000001,305.47622089852894,-390.94090355333356
10.338333333333335,318.06595282636886,-360.68470297751446
10.371666666666668,321.71894445726866,-359.738561535974
10.405000000000001,318.8750077915254,-359.1472522509814
10.438333333333334,307.6429480262011,-362.70520334417324
10.471666666666668,289.73928334935295,-370.7524803769097
10.506666666666668,262.92466851008066,-386.05723194961433
10.540000000000003,228.94159831067873,-394.73974570048085
10.573333333333334,186.31934891172045,-411.7720785336919
10.606666666666667,134.9672771618566,-440.6400949373369
10.64,78.49354000224389,-452.7119490442892
10.673333333333334,18.16617319039483,-449.88603478642744
10.706666666666667,-51.98954452382168,-469.3813465665862
10.74,-121.86492068987855,-462.34966503518126
10.773333333333333,-195.8293953356274,-459.62917646405776
10.806666666666667,-267.7546119688434,-448.38215427717364
10.84,-340.0645493686693,-436.95502511512836
10.873333333333337,-403.12189364923665,-399.3966164812648
10.906666666666668,-467.8104448848219,-391.1232688308696
10.940000000000001,-533.8753054671854,-411.64403042701997
10.973333333333334,-595.6020942408377,-375.7068062827225
11.006666666666668,-654.8805614348887,-346.54561068686417
11.040000000000003,-678.5340314136125,-368.1675392670156
11.073333333333334,-690.648076802408,-366.85388622156825
11.106666666666667,-690.4943484857102,-364.44580040489336
11.14,-678.4573157516647,-360.7766091747467
11.173333333333334,-654.4342347600509,-357.08080663237024
11.206666666666667,-621.5152407507525,-353.6412979697468
11.24,-576.3998999401409,-350.9661776805058
11.273333333333333,-521.8588086753446,-350.0688804555434
11.306666666666667,-459.69224294763126,-352.1100137620251
11.34,-391.7785194024772,-355.96200096574375
11.373333333333337,-315.08281863382194,-362.7161745072119
11.406666666666668,-234.2877078548098,-371.8923814193399
11.440000000000001,-146.53431448455513,-382.1737215781325
11.473333333333334,-58.027857508569014,-389.04507759160015
11.506666666666668,33.23900128580317,-419.6697278387883
11.540000000000003,121.41085456224664,-410.69174090350407
11.573333333333334,205.73861315399245,-408.32462370107464
11.606666666666667,282.1541805430652,-422.11559275287595
11.64,353.4867066316315,-411.8911164144115
11.673333333333334,411.6762507306162,-393.8695826690505
11.706666666666667,465.51355717960723,-385.26201999585123
11.74,505.70972744081064,-355.6918537564443
11.773333333333333,537.5148070549917,-349.71026825583317
11.806666666666667,552.6249241786472,-333.070505874392
11.840000000000002,560.6285807498239,-345.06182752739096
11.873333333333337,551.1943995727102,-354.6238413699389
11.906666666666668,527.4510971741538,-371.2454026540438
11.940000000000001,487.3606132394052,-389.57348003037987
11.973333333333334,434.4107958501572,-421.5103438000624
12.006666666666668,365.59071451480486,-427.1062793357398
12.040000000000003,288.2447728387697,-456.088970520158
12.073333333333334,200.4352164428483,-456.7354710765662
12.106666666666667,105.50922798606916,-463.0599496628961
12.14,7.609674989552786,-454.37988225863137
12.173333333333334,-90.26359227310195,-456.2222977865995
12.206666666666667,-185.8461915919322,-436.8181865292552
12.24,-279.2120942964698,-438.86266586058764
12.273333333333333,-365.7077838607079,-424.43751399166877
12.306666666666667,-439.0315482693826,-384.24706417831885
12.340000000000002,-515.6755832800266,-358.75910431162447
12.373333333333337,-572.3780232268055,-361.42605471509114
12.406666666666668,-621.9031993993733,-352.2367904291232
12.440000000000001,-661.0507441491362,-327.47647652405067
12.473333333333334,-690.1337258241349,-320.3772184601821
12.506666666666668,-706.1538337815409,-315.39539328482124
12.540000000000003,-714.193901020437,-311.5532721948907
12.573333333333334,-710.2485763235719,-309.5562051895072
12.606666666666667,-693.2279599044389,-310.5067567919839
12.64,-668.8229347766724,-313.63360921538083
12.673333333333334,-633.299053160898,-319.52921128986804
12.706666666666667,-587.4039657997035,-329.42907506045367
12.74,-532.4305427704846,-342.40603595366747
12.773333333333333,-470.63193494127813,-358.65025872044635
12.806666666666667,-399.43587193978135,-394.5902342898785
12.840000000000002,-322.0208741198418,-416.5545577190496
12.873333333333337,-238.73465311157236,-434.04686090165546
12.906666666666668,-153.86334894766605,-447.51643827195767
12.940000000000001,-66.67389574956314,-443.86654537284585
12.973333333333334,18.602852948485406,-446.9767475917279
13.006666666666668,100.01381252364399,-447.77095529199573
13.040000000000003,179.20808357137184,-453.89005840610525
13.073333333333334,248.4995337734863,-429.4550803262357
13.106666666666667,312.50335870976187,-425.06259606267486
13.14,364.52920199952496,-411.47147251205615
13.173333333333334,405.4968525751642,-398.70239360645246
13.206666666666667,435.3546571475972,-393.5470718082381
13.24,451.39457136783267,-382.82944228649967
13.273333333333333,454.4812535261058,-373.2212334089236
13.306666666666667,446.3950589240071,-378.1714518374122
13.340000000000002,428.1917934400176,-400.46481035545094
13.373333333333337,397.6571854885942,-410.06050652194403
13.406666666666668,357.41700764873485,-408.5311482140255
13.440000000000001,308.4718497414606,-403.34585621154883
13.473333333333334,255.31744999683224,-436.79252626771336
13.508333333333335,193.45380566168114,-434.1889313643569
13.541666666666668,130.25089536993846,-421.57788742585285
13.575000000000001,63.44192232502837,-419.5710023609913
13.608333333333334,0.19054825426974276,-395.22888375429966
13.641666666666667,-65.11423585352782,-385.9933627523128
13.675,-134.02356157786244,-400.33005566703514
13.708333333333334,-192.46193484053083,-397.7154045808718
13.741666666666667,-250.07018511977935,-391.0109768536672
13.775,-301.47971076719193,-389.03531793614593
13.808333333333334,-346.9002955047539,-390.14301794207154
13.841666666666667,-386.4875424684901,-391.39835872641424
13.875000000000002,-420.3162291716453,-386.10087301156
13.908333333333335,-448.25565540955813,-398.424698477701
13.941666666666668,-469.4545672596255,-391.35689977839775
13.975000000000001,-484.15135783745336,-395.13933312855715
14.008333333333335,-489.5005930279109,-397.3480113057344
14.041666666666668,-489.70015523033385,-398.2181918680269
14.075000000000001,-484.37803059730436,-406.98721940273936
14.108333333333334,-471.55486257126086,-409.7384857905506
14.141666666666667,-452.4610575968769,-414.0843143413879
14.175,-427.419804611121,-420.2596946078802
14.208333333333334,-397.5990611627376,-428.67741640808345
14.241666666666667,-364.66913816279293,-438.1618874602591
14.275,-328.15191175418624,-448.236241006146
14.308333333333334,-289.6827273310515,-458.00648856298176
14.341666666666667,-251.2165314950537,-463.4478503604489
14.375000000000002,-212.56330400015565,-468.0348181785048
14.408333333333335,-174.8144822179304,-469.3860270487212
14.441666666666668,-139.21396757989396,-465.32879283163356
14.475000000000001,-105.74602885814306,-460.01251651950474
14.508333333333335,-75.19525595164009,-451.3687541118243
14.541666666666668,-48.36919452282973,-440.7534202283355
14.575000000000001,-24.654549838535786,-431.5207719104935
14.608333333333334,-3.8589502355894183,-422.17585627928315
14.641666666666667,13.55476912807444,-415.1702292989894
14.675,28.036011330282236,-413.1241218424591
14.708333333333334,39.634673551323885,-413.97837139201465
14.741666666666667,49.329827232778825,-415.90544913783947
14.775,56.33004513578044,-418.47021135471573
14.808333333333334,61.74662344355829,-420.878879202628
14.841666666666667,64.58376019950674,-421.8740863184553
14.875000000000002,66.2729895556472,-421.36135515554315
14.908333333333335,66.50433742065934,-418.90177789128325
14.941666666666668,65.55015992955805,-415.1129724000507
14.975000000000001,63.54711329870088,-410.0287424884814
15.008333333333335,61.10469507717562,-405.4905567021997
15.041666666666668,58.39683644463457,-403.0562749574715
15.075000000000001,55.39577390026898,-402.2322840932284
15.108333333333334,52.07399285126894,-403.91338062930345
15.141666666666667,48.48259506017689,-408.3412688233575
15.175,44.176052717195944,-415.69292448843794
15.208333333333334,39.215563400792234,-424.4960624773573
15.241666666666667,33.26779116277521,-432.4778558932326
15.275,25.544569030340654,-439.68846260803934
15.308333333333334,16.065237427694683,-446.29355376262083
15.341666666666667,3.4288004246345736,-449.1137711161068
15.375000000000002,-11.311260889681762,-449.59520170568976
15.408333333333335,-28.41631740003504,-448.48555725804044
15.441666666666668,-48.54059669773392,-436.27155448442045
15.475000000000001,-71.58069801114061,-432.5824593706136
15.508333333333335,-97.44920693354243,-428.0081786356004
15.541666666666668,-125.26473902467978,-428.2522098477855
15.575000000000001,-154.68431223828838,-428.7001301090809
15.608333333333334,-184.71586780998814,-432.3096666816282
15.641666666666667,-215.39306806813147,-417.67288058654617
15.675,-247.15814920531568,-423.9628763742721
15.708333333333334,-278.78445111282736,-425.37505717463546
15.741666666666667,-308.72443563538116,-425.36217464937863
15.775,-337.67760622269645,-423.3552581452293
15.808333333333334,-364.57208881228723,-418.09781758726945
15.841666666666669,-389.5923416140921,-408.48307238119287
15.875000000000002,-410.9071215397736,-397.48975933932934
15.908333333333335,-429.48773644119535,-386.1796378535996
15.941666666666668,-443.6468537124847,-373.93748086052733
15.975000000000001,-452.2671580749841,-363.2733780415117
16.008333333333333,-455.61191535114017,-354.44216114826304
16.041666666666668,-451.79693143623126,-351.3630428449792
16.075,-442.36418502550316,-352.64038681171587
16.108333333333334,-425.8214696236944,-358.85185188713285
16.14166666666667,-401.8414661247441,-368.1051757715363
16.175,-370.9084064331421,-376.3439206238602
16.208333333333336,-333.6916780357395,-386.2365491249709
16.241666666666667,-290.61563948321054,-394.35087574310546
16.275000000000002,-244.19333894179715,-415.0865458479668
16.308333333333334,-191.37569326512312,-427.2913018720492
16.34166666666667,-133.46374881537258,-429.13806564540073
16.375,-72.21134697745947,-430.3251587309551
16.408333333333335,-8.542405515425116,-430.5824093903034
16.441666666666666,56.281880931348496,-410.1053235295158
16.475,121.41538568238684,-425.18764205843354
16.508333333333333,184.42838744629398,-424.05190099176843
16.543333333333333,242.19604615509297,-405.8661329274496
16.576666666666668,295.5948567236542,-397.6112343087857
16.61,342.5510272108104,-397.3537712187567
16.643333333333334,383.3112630481319,-413.9581075151227
16.67666666666667,412.4361827104017,-412.7106770693201
16.71,429.5559169843764,-411.2031520416267
16.743333333333336,435.4051375163044,-409.5482251784183
16.776666666666667,429.3036398827471,-407.4875183646036
16.810000000000002,410.50447722202307,-405.59394142398924
16.843333333333334,379.18837926598326,-392.47212762491245
16.87666666666667,339.39035908381084,-408.9211378323198
16.91,287.2379697255369,-401.0143350414535
16.943333333333335,227.59776607730464,-414.4611958291912
16.976666666666667,158.5229500760197,-422.2905316684953
17.01,84.5141739749588,-430.8682969938254
17.043333333333333,7.260471022959564,-414.4204978935859
17.076666666666668,-74.74141925829986,-427.34652532071436
17.11,-156.28416070210233,-425.11217189698755
17.143333333333334,-238.7332622595826,-420.8197578540621
17.17666666666667,-314.7274801761946,-413.38067634013805
17.21,-397.01220605358435,-414.10581194655015
17.243333333333336,-470.649920762987,-400.9393512215395
17.276666666666667,-536.9055230527723,-385.35163278600476
17.310000000000002,-596.2960161614391,-369.56990347456576
17.343333333333334,-647.0790752210839,-354.140976956362
17.37666666666667,-687.5540271639261,-343.21361049296456
17.41,-716.6357416769201,-333.10241623505317
17.443333333333335,-733.6539461892452,-328.15939417369964
17.476666666666667,-738.4460473080962,-328.31996280940075
17.51,-729.5648284857521,-335.2308222250981
17.543333333333333,-706.9730359047098,-338.328132492692
17.576666666666668,-673.1312180442803,-352.06357189799337
17.61,-626.4837025371864,-367.2764199275398
17.643333333333334,-568.5663351332549,-383.2432578203711
17.67666666666667,-501.86846543414254,-397.4165540234276
17.71,-426.11238286642083,-410.0545605958082
17.743333333333336,-345.87077279364644,-421.30569716683567
17.776666666666667,-256.34362426763687,-443.90599042148597
17.810000000000002,-163.35170767150703,-446.08880491848277
17.843333333333334,-69.06950673369784,-445.8148901985685
17.87666666666667,24.743385018127583,-443.78800608452707
17.91,115.39185459946384,-439.0382346134111
17.943333333333335,203.51368285718308,-430.1596087195858
17.976666666666667,285.54280236089016,-422.96597623844536
18.01,358.32153658146626,-415.5158719939775
18.043333333333333,419.4239442623166,-400.4174300993409
18.076666666666668,470.5498624712609,-393.9551326165292
18.11,509.55887873365964,-389.41831410997247
18.143333333333334,533.3963749512004,-381.8144263810327
18.17666666666667,543.407158547363,-373.4620955730252
18.21,539.6621827126569,-369.74873463091944
18.243333333333336,521.4955285420415,-369.6343959908759
18.276666666666667,489.4262726012221,-370.13041454599556
18.310000000000002,446.48454002345943,-385.5047387641598
18.343333333333334,388.71437477730524,-386.7671637056974
18.37666666666667,323.0384261865993,-397.42300072025887
18.41,249.41593669892336,-412.5175908999486
18.443333333333335,168.27660794879057,-422.38376425288175
18.476666666666667,82.59599484950877,-432.09455847676304
18.51,-4.273194649460947,-438.80262576246105
18.543333333333333,-92.37063379745837,-429.70040750736325
18.576666666666668,-178.13508802172373,-424.46839028889235
18.61,-259.6092326651991,-420.6520603356007
18.643333333333334,-339.6172890238322,-420.4963600187857
18.67666666666667,-411.1402851408344,-408.5036005767713
18.71,-471.85385987377424,-375.79460727794344
18.743333333333336,-527.9186587934919,-362.0682447555987
18.776666666666667,-577.9152792164745,-368.5583751415634
18.810000000000002,-613.7559606023393,-357.2356195109278
18.843333333333334,-639.3526918553582,-351.2758698136097
18.87666666666667,-653.8997868719932,-349.46666850785505
18.91,-657.514047625835,-352.69804878997456
18.943333333333335,-650.2508943463372,-359.401810571997
18.976666666666667,-632.3541241318586,-369.629748108835
19.01,-603.6115696236645,-363.13922107182407
19.043333333333333,-566.7982259886423,-376.54424243669905
19.076666666666668,-522.6791327991284,-388.79451497391756
19.110000000000003,-471.4053252712058,-399.29095473376174
19.143333333333334,-415.4440095085598,-407.17120120412574
19.17666666666667,-353.2058615413016,-415.30942886631647
19.21,-288.3507086355838,-417.7409354430756
19.243333333333336,-220.7635248798748,-419.36708811011977
19.276666666666667,-153.3456042240905,-418.316296554553
19.310000000000002,-86.26635787624082,-438.4101726202157
19.343333333333334,-20.332708983992234,-434.50879359954774
19.37666666666667,42.50946201854049,-434.07948650907383
19.41,101.30647411814334,-438.3193199071152
19.443333333333335,152.43915911792874,-429.795516605217
19.476666666666667,197.27279043417684,-427.4146654244919
19.511666666666667,233.53634906568232,-419.3614941147698
19.545,261.45436647738416,-416.5021821651412
19.578333333333333,280.368321484822,-415.4813504993963
19.611666666666668,289.57815345996596,-411.0594316549684
19.645,290.4503950487201,-406.81967679201534
19.678333333333335,282.843483386785,-403.84497216243585
19.71166666666667,267.44254560864283,-402.02177850875614
19.745,245.458883576277,-401.2742190769727
19.778333333333336,218.26623072227994,-403.1613536460245
19.811666666666667,186.58238161106829,-407.04148276866135
19.845000000000002,151.45763517200885,-410.9554999201616
19.878333333333334,113.19473029735036,-414.70565594916116
19.91166666666667,73.78278930753959,-420.03308579883014
19.945,33.55953299245948,-423.53456544945175
19.978333333333335,-6.658373635729731,-429.92410742614675
20.011666666666667,-45.83183462052739,-415.8815726073667
20.045,-85.98212107823065,-426.32940842621883
20.078333333333333,-121.6741252146835,-422.51497749308464
20.111666666666668,-155.6205382627436,-419.3856140099242
20.145,-187.3695890395452,-414.11977997190115
20.178333333333335,-215.2905622200766,-410.61702431243657
20.21166666666667,-239.73688863503378,-408.00059839910637
20.245,-260.28880696696024,-408.81931782395077
20.278333333333336,-277.6934799000628,-411.34724525294314
20.311666666666667,-291.4110479822983,-417.38551435689965
20.345000000000002,-301.44431020898503,-424.7807093215729
20.378333333333334,-308.60161280667944,-432.2638933431808
20.41166666666667,-312.8903878697661,-438.58836698080313
20.445,-314.7917163870334,-443.7663195456753
20.478333333333335,-314.43606245726585,-447.3627310756269
20.511666666666667,-312.2170247069372,-448.29626740255276
20.545,-308.44586223893873,-446.8172013584476
20.578333333333333,-303.443473735735,-443.87583296047205
20.611666666666668,-297.5938730883046,-440.2955214379331
20.645,-290.92706775128715,-436.1467059888348
20.678333333333335,-283.54266093850833,-433.20742147715555
20.71166666666667,-275.8359563496758,-431.22467971293986
20.745,-267.83288999159663,-430.4592816892882
20.778333333333336,-259.37462983693376,-430.7724310035958
20.811666666666667,-250.8416848256095,-431.96882074611995
20.845000000000002,-241.99529677219357,-433.0284573791789
20.878333333333334,-232.13139212116107,-432.89937362924275
20.91166666666667,-221.86932637909285,-432.37364120356415
20.945,-210.21069815429303,-429.49405610518943
20.978333333333335,-198.4743032718652,-425.22347154565455
21.011666666666667,-184.9028234874927,-410.923241641
21.045,-170.04107633433068,-405.23652456399805
21.078333333333333,-153.5716002792642,-399.68656087483964
21.111666666666668,-135.51799466802095,-395.9937188535355
21.145000000000003,-115.39724762233436,-393.2334640057138
21.178333333333335,-92.69146688182536,-392.781862791144
21.21166666666667,-68.52626097632583,-394.9819349610548
21.245,-42.444924520636505,-399.2492304209761
21.278333333333336,-15.252212653716015,-405.2711625229663
21.311666666666667,12.519267910658982,-411.59509664383313
21.345000000000002,40.41299637497559,-418.5221351196237
21.378333333333334,68.23161705796383,-421.2989490783377
21.41166666666667,94.77261575746661,-424.0077326808232
21.445,120.13935032882455,-425.00155260289716
21.478333333333335,143.29826899570708,-425.60505146374635
21.511666666666667,163.77552265361692,-411.337847885344
21.545,180.32908710380298,-408.2948028209548
21.578333333333333,193.0837979281937,-405.7958699486171
21.611666666666668,201.1966558900681,-400.1893481796287
21.645000000000003,204.06770422417594,-402.63734519829063
21.678333333333335,200.88128704250994,-402.83238264460533
21.71166666666667,191.13867120819077,-407.6353879665644
21.745,174.42635922093768,-422.495849751856
21.778333333333336,150.58362985576377,-428.08441774222865
21.811666666666667,119.49342040871034,-433.2311771091813
21.845000000000002,82.42962199412887,-441.8541789102085
21.878333333333334,39.43841553273046,-451.2791741540591
21.91166666666667,-9.604117771336632,-426.7124762731846
21.945,-61.712224422604095,-424.2502424686718
21.978333333333335,-116.5208518830218,-419.99248161037804
22.011666666666667,-173.5819932085201,-435.33589523256956
22.045,-230.27639245807484,-428.91104313700544
22.078333333333333,-285.4097105967494,-417.22613652516475
22.111666666666668,-338.60101285126393,-407.8116704301269
22.145000000000003,-388.13403095530464,-401.77079917829633
22.178333333333335,-433.8208944233502,-389.92108776960595
22.21166666666667,-474.5368910875844,-384.413143379591
22.245,-508.3918065875921,-374.0433176905567
22.278333333333336,-536.5648275594069,-367.3227267486036
22.311666666666667,-557.9153289451351,-361.7300224851515
22.345000000000002,-571.1818977557873,-356.76966488434664
22.378333333333334,-576.897257628518,-352.83838091917755
22.41166666666667,-573.5196737435349,-351.8031323410846
22.445,-562.3183580956066,-352.29327407212713
22.478333333333335,-541.8972591845875,-355.2788342825954
22.511666666666667,-513.566955717567,-377.2876122547218
22.546666666666667,-474.7778319358258,-386.79537465092517
22.580000000000005,-427.13267497494076,-398.68188133139074
22.613333333333333,-369.4303189934184,-396.0051004956988
22.64666666666667,-306.5937698418509,-415.446837010521
22.68,-236.59280131345963,-429.0952298143202
22.713333333333335,-161.67725298088908,-440.9687665626202
22.746666666666673,-81.16746141092244,-443.5561133593819
22.78,0.5396742131817973,-448.7857962907699
22.813333333333336,82.28465222853538,-450.0711463752882
22.846666666666668,162.4881964188903,-459.26519632892837
22.880000000000003,238.51725136314235,-451.43844433284175
22.913333333333334,307.2474025432857,-428.46552349502645
22.94666666666667,371.3493023550682,-427.4825708335418
22.98,424.2636360951301,-416.0801365491168
23.013333333333335,463.5535391766475,-392.9393228463168
23.046666666666667,487.57233421707906,-360.4541744609023
23.080000000000005,504.3349236772465,-356.18659957994123
23.113333333333333,506.4155730391599,-353.71113733701577
23.14666666666667,495.2526165242102,-356.15391670478994
23.18,473.48963595992154,-378.5920866569247
23.213333333333335,436.5084027066837,-393.1354213570369
23.246666666666673,387.3026715160272,-401.69432894940155
23.28,327.4312802306922,-409.75552003905204
23.313333333333336,257.59740494774724,-410.37491768928635
23.346666666666668,182.76568274536749,-402.84631050016105
23.380000000000003,101.59093437793899,-403.19994543726443
23.413333333333334,22.61780104712045,-395.8115183246073
23.44666666666667,-67.85340314136124,-388.27225130890065
23.48,-140.73298429319368,-393.29842931937173
23.513333333333335,-224.44112606563885,-389.0326649162132
23.546666666666667,-302.76107888127353,-380.79043824907603
23.580000000000005,-384.8052320209381,-374.31066776151283
23.613333333333333,-461.0678182387687,-366.2960785506805
23.64666666666667,-530.9336681664181,-357.6910377115364
23.680000000000003,-588.3720379221115,-350.6188887004146
23.713333333333335,-641.3909087808238,-343.62661594041606
23.746666666666673,-677.7986635348609,-339.52291120217114
23.78,-706.9613129909774,-336.068523773067
23.813333333333336,-728.8602525978163,-358.1440293649912
23.846666666666668,-730.8747523556237,-362.03036364978834
23.880000000000003,-714.7934937247164,-367.59572411182444
23.913333333333334,-687.7690707734287,-376.3090075932173
23.94666666666667,-646.7501659211089,-388.07038163883544
23.98,-592.2885123439683,-402.11850951980523
24.013333333333335,-527.0546670370538,-418.04708777088354
24.046666666666667,-451.63355266108147,-433.061094496911
24.080000000000005,-369.01255161410086,-446.0839883279923
24.113333333333333,-280.0424974645871,-454.604573536777
24.14666666666667,-185.6387658442968,-440.4988775807021
24.180000000000003,-96.88046076656133,-440.1850621745825
24.213333333333335,-8.903466988323089,-437.57753515177023
24.246666666666673,75.57462935299782,-451.8081224274533
24.28,156.26904047680682,-440.3967578622587
24.313333333333336,229.759276704498,-435.05414469217476
24.346666666666668,295.19443459454624,-420.2056200705224
24.380000000000003,351.7225643596189,-404.91113021999354
24.413333333333334,397.44886580122375,-391.65713346931625
24.44666666666667,432.41592048998837,-380.6301856254522
24.48,449.4493391125757,-344.4936412614311
24.513333333333335,461.87053305762265,-340.69335954487815
24.546666666666667,464.23875723326046,-340.9951048103517
24.580000000000005,460.69274545613644,-368.39566625470366
24.613333333333333,439.5313051279845,-373.57706564932846
24.64666666666667,409.64455404626733,-381.96540968453587
24.680000000000003,371.23748136939,-387.5276677242814
24.713333333333335,323.2433459791978,-394.71146372291514
24.746666666666673,269.3704688624739,-402.9189058747472
24.78,211.15393736494434,-393.8212155642286
24.813333333333336,149.19974695458495,-398.7078311500122
24.846666666666668,83.60232298718165,-397.6525959267583
24.880000000000003,16.222747559414984,-406.27018086991166
24.913333333333334,-52.78193043267129,-403.1746667416023
24.94666666666667,-121.79971882570135,-409.21893182476924
24.98,-194.45371192013226,-431.07908330922214
25.013333333333335,-260.8171962416286,-430.9998439042604
25.046666666666667,-315.43840369525947,-407.29139545837234
25.080000000000005,-366.0888193824394,-400.02554782231846
25.113333333333333,-415.5430151337364,-404.206546750745
25.14666666666667,-453.05257590650103,-401.82927138604737
25.180000000000003,-481.43713102931747,-399.4924630114499
25.213333333333335,-500.6840849189707,-395.3263898644252
25.246666666666673,-509.8624168413071,-392.44758374192315
25.28,-507.4638628839157,-387.34420135634036
25.313333333333336,-497.44634083451456,-387.09644702153605
25.346666666666668,-479.49357752642345,-388.53256204983654
25.380000000000003,-454.7716293285164,-392.9309507536618
25.413333333333334,-422.7809380446331,-392.7842596704022
25.44666666666667,-387.95231639603094,-402.0243365150236
25.48,-347.5869913912295,-406.5759240603202
25.515,-305.5334573908617,-409.72807516064177
25.548333333333336,-261.5876261090243,-411.2789533115101
25.581666666666667,-216.99823169944716,-410.2678801852385
25.615000000000002,-172.20674207220782,-406.9509248843351
25.648333333333333,-127.92070443187686,-402.8020961078637
25.68166666666667,-85.85915765133586,-416.35056802090776
25.715000000000003,-46.45913802676159,-411.4483610311779
25.748333333333335,-10.061450672986211,-402.96961280159053
25.78166666666667,22.09305207724833,-397.1028718562238
25.815,51.366695244218135,-393.1816994370133
25.848333333333336,75.97337282962008,-391.0268741057662
25.881666666666668,96.20939732883562,-392.46701071950565
25.915000000000003,111.76470402180712,-395.03275379773595
25.948333333333334,123.43797435669376,-399.86442092568313
25.98166666666667,131.5507026956716,-405.26171254237624
26.015,135.57297108018747,-410.25073612672145
26.048333333333336,136.243829104405,-414.8885453596695
26.081666666666667,134.34312266828192,-419.1566575387285
26.115000000000002,129.49461002632688,-421.9195071808688
26.148333333333333,122.51958270385649,-424.4893311426265
26.18166666666667,113.81880002703338,-424.9626248558345
26.215000000000003,104.16912304361313,-425.40213666171985
26.248333333333335,93.09532027462137,-426.35544111770673
26.28166666666667,81.11572969473536,-427.8642542872183
26.315,69.03970585220532,-430.0916963501613
26.348333333333336,57.348487034703794,-431.59596342964824
26.381666666666668,45.05491705147506,-434.2544423209388
26.415000000000003,33.22889292876198,-438.44592513056114
26.448333333333334,21.288206225648082,-442.1905911084782
26.48166666666667,10.205543071413103,-443.9840892770103
26.515,-0.5240658152192736,-444.08481052758793
26.548333333333336,-11.782265956031551,-442.1057493279186
26.581666666666667,-22.381709857678743,-439.09734458621824
26.615000000000002,-33.24075361284213,-435.41104013615495
26.648333333333333,-44.6665616502587,-429.49723972256425
26.68166666666667,-56.86085112185128,-424.2095798742648
26.715000000000003,-70.60584686166817,-422.08658747418303
26.748333333333335,-84.82262115546428,-420.58755907911655
26.78166666666667,-100.58123076503807,-418.568889857047
26.815,-117.89184929888143,-416.9294224106143
26.848333333333336,-136.78113973158747,-417.0248512312055
26.881666666666668,-156.68644472530832,-418.696619649814
26.915000000000003,-177.8143767010738,-418.732371223364
26.948333333333334,-199.82485476646184,-418.40556284614695
26.98166666666667,-221.9623514594623,-416.72419491431174
27.015,-244.96662119356415,-413.97771344135435
27.048333333333336,-266.78420836796977,-411.9568246288004
27.081666666666667,-287.12796226692353,-409.2621345767129
27.115000000000002,-304.0438975385118,-385.98029871904146
27.148333333333333,-321.6842651681741,-383.28136282978176
27.18166666666667,-334.87505328313364,-378.2525176305694
27.215000000000003,-346.61454118137726,-377.78065512820467
27.248333333333335,-353.9304638587839,-378.03512023452527
27.28166666666667,-357.33914261272434,-380.64162669017105
27.315,-354.82460757088893,-383.43464685033587
27.348333333333336,-347.46682427644646,-387.80725240105767
27.381666666666668,-333.67858617586626,-394.40932251293816
27.415000000000003,-313.7580763623264,-398.39988590663734
27.448333333333334,-286.6897210864945,-402.0472171850429
27.48166666666667,-254.5526260278939,-407.6378448213238
27.515,-216.48566988931088,-411.17185383246374
27.548333333333336,-175.7460849609081,-434.46014688166815
27.581666666666667,-128.60558474140407,-436.6097343729198
27.615000000000002,-76.87916025099412,-435.1245087888317
27.648333333333333,-23.630903550197218,-417.8478352370828
27.68166666666667,29.545343784323904,-417.93725445061455
27.715000000000003,82.23148502346885,-416.81071486105384
27.748333333333335,133.74658098345435,-414.44030833795523
27.78166666666667,181.99675923957284,-411.0967515494913
27.815,227.63540065615234,-406.5700603262867
27.848333333333336,268.06920771861815,-400.65102656985687
27.881666666666668,304.46870892131346,-393.9012474736346
27.915000000000003,333.36680008860003,-386.48302076077425
27.948333333333334,356.29365368985236,-379.26476093079464
27.98166666666667,370.7897281161695,-372.34501839063955
28.015,375.4428819600125,-365.681403249358
28.048333333333336,371.60586545097067,-361.95183711706363
28.081666666666667,359.59827492545674,-360.94564329512673
28.115000000000002,337.49153443984915,-363.0903644943746
28.148333333333333,306.1935353154199,-366.5642174847874
28.18166666666667,266.0948602646499,-372.5675828824501
28.215000000000003,217.1625482409554,-379.621109370491
28.248333333333335,160.54273604829223,-388.95494268601806
28.28166666666667,97.41703537587,-396.9153603553241
28.315,29.435057500060566,-405.39149274250326
28.348333333333336,-43.51381491225038,-411.28299694801035
28.381666666666668,-118.38652295658176,-414.51163205762623
28.415000000000003,-196.4161883206816,-414.30338514121695
28.448333333333334,-278.09894722575063,-429.96568629495437
28.48166666666667,-353.25240096108155,-425.2855273320797
28.51666666666667,-423.7851814493124,-417.2558433161071
28.55,-490.1604190180858,-409.1350789809344
28.583333333333336,-546.5977271790921,-397.51112888520856
28.616666666666667,-595.7614516642975,-387.97021377296005
28.650000000000002,-633.2805073976062,-380.5504186453704
28.683333333333334,-661.5122854783829,-375.18938093281076
28.71666666666667,-677.0843086488901,-373.23115755906997
28.750000000000004,-680.5657166172966,-374.3259063497019
28.783333333333335,-671.5840379261522,-378.09607622489966
28.81666666666667,-650.3120001353557,-384.2223501678891
28.85,-607.9582947125862,-370.35957815713937
28.883333333333336,-562.4818485919036,-380.2697333924648
28.916666666666668,-514.866298858818,-405.4921256885641
28.950000000000003,-447.8719265764812,-417.16733676310196
28.983333333333334,-372.1549724932879,-426.6856867322465
29.01666666666667,-287.9625972251995,-435.33828058380595
29.05,-198.77516732221898,-436.58372646504813
29.083333333333336,-110.98757409479367,-439.16886556609643
29.116666666666667,-22.652383858702933,-438.7692193466942
29.150000000000002,64.85310648393943,-446.0763215880802
29.183333333333334,150.16899547214462,-430.0616645223399
29.21666666666667,229.56383422282352,-424.1938649005865
29.250000000000004,303.3577180432121,-414.5763127697685
29.283333333333335,370.3298631463881,-410.53521128838565
29.31666666666667,427.4225214275116,-399.8447321808512
29.35,473.22733166973967,-390.4282006845124
29.383333333333336,500.5484551378345,-348.599802963432
29.416666666666668,523.4651426078226,-341.05681618055496
29.450000000000003,533.0508929697294,-336.3699489920464
29.483333333333334,530.27349827133,-334.71405535216104
29.51666666666667,516.0207652029526,-336.40257556337906
29.55,488.31000647574365,-341.9825276918241
29.583333333333336,449.20986798102786,-350.1969166442552
29.616666666666667,398.1500181042761,-362.3018613205368
29.650000000000002,337.2430302554444,-376.44282863069407
29.683333333333334,267.63891881934705,-390.2779066070857
29.71666666666667,191.41606509818075,-401.9797057164476
29.750000000000004,108.47969643075521,-431.78250255250714
29.783333333333335,21.838488611992943,-438.09788647809614
29.81666666666667,-65.81541318910263,-441.31246515810335
29.85,-153.34596247966374,-439.53173316092034
29.883333333333336,-238.15902875627944,-434.0045050556291
29.916666666666668,-320.67228799893564,-426.2543424598475
29.950000000000003,-395.808339072167,-415.9006760012553
29.983333333333334,-463.3988118189734,-405.786280504999
30.01666666666667,-522.8897273192599,-393.3359830595941
30.05,-572.2943250694475,-384.31229714731353
30.083333333333336,-611.6459983503637,-378.3944373266095
30.116666666666667,-638.0990153524613,-375.1230552803013
30.150000000000002,-654.5657848695075,-375.2722073955224
30.183333333333334,-659.2587388088696,-377.59795610270226
30.21666666666667,-651.7517483444485,-382.87327276707583
30.250000000000004,-632.5009454462734,-389.63201999113335
30.283333333333335,-603.7289142040977,-396.56444446325213
30.31666666666667,-563.6561453676156,-404.4675096206306
30.35,-511.00573399895984,-412.7269358561698
30.383333333333336,-448.5055017822808,-419.1402397945544
30.416666666666668,-380.9979881583904,-423.7651169932192
30.450000000000003,-310.93193517088093,-438.1211729418278
30.483333333333334,-236.40926506396954,-440.0711880431693
30.51666666666667,-159.85993154019116,-430.8055425627999
30.55,-86.55830371494812,-430.81631542109517
30.583333333333336,-15.862086641719088,-428.76737978833444
30.616666666666667,51.00510001091516,-405.1633085406479
30.650000000000002,112.4278750767794,-399.4782403349516
30.683333333333334,168.38983018617364,-394.4981843427404
30.71666666666667,217.77212172804457,-387.4791628605544
30.750000000000004,260.04873888783095,-380.71035191273495
30.783333333333335,293.17477107172044,-373.6786965435085
30.81666666666667,318.3308802711231,-368.1996540147338
30.85,334.2995978492195,-364.2945190027133
30.883333333333336,341.59884224574307,-361.2085506880426
30.916666666666668,340.81188949570287,-361.0110421677266
30.950000000000003,331.53005287154247,-363.10264415655774
30.983333333333334,313.5784430161275,-368.3013968065884
31.01666666666667,289.0576292767637,-376.0822749476654
31.05,258.6225125526985,-384.4366068082704
31.083333333333336,221.88844742033143,-392.9814789163838
31.116666666666667,182.7256500156127,-401.73134787713025
31.150000000000002,139.06256428823235,-408.80867684066834
31.183333333333334,93.99079835481189,-415.2468408277068
31.21666666666667,48.021323858919686,-418.6795728504733
31.250000000000004,2.435978474230069,-420.0419650467761
31.283333333333335,-43.74797620619211,-419.42766813078674
31.31666666666667,-88.43181139084027,-416.8441932673261
31.35,-130.1769779382762,-414.4325295065755
31.383333333333336,-169.82103806502892,-410.9579304273989
31.416666666666668,-205.7725569938034,-407.5717373743523
31.450000000000003,-237.4788712312261,-406.0725543521737
31.483333333333334,-264.83287089749183,-405.8542277852548
31.518333333333334,-286.90540882598725,-404.45888073395713
31.55166666666667,-303.8486935020637,-404.93999058379313
31.585,-313.7375149298091,-402.2826458115328
31.618333333333336,-319.89341813455667,-402.1990472304342
31.651666666666667,-321.52186638222247,-402.3853916532821
31.685000000000002,-318.583543433017,-401.59292940804585
31.718333333333334,-311.75093795972066,-399.4281013632972
31.75166666666667,-301.48094961874403,-397.39424584075414
31.785000000000004,-288.57928150777934,-394.77093689130515
31.818333333333335,-273.57337087702035,-391.6916077150472
31.85166666666667,-257.4695531590355,-389.4686349410206
31.885,-240.61694428327883,-387.43162571126686
31.918333333333337,-223.5695427046071,-386.663576488186
31.951666666666668,-206.79119251885322,-386.4792780412115
31.985000000000003,-190.54173022273267,-388.1254089937397
32.01833333333334,-175.74983024995208,-388.1570454573157
32.05166666666667,-160.57533829363592,-388.65279511203425
32.085,-146.5712951454675,-389.276874549736
32.11833333333333,-133.68676745562425,-389.2550150281236
32.15166666666667,-121.3269081180033,-389.4386146941365
32.185,-109.99336679959674,-387.98407707966044
32.218333333333334,-98.67975653015878,-388.2019687432164
32.25166666666667,-87.42511196270743,-387.56424621840597
32.285000000000004,-78.5798491313019,-410.44884762125184
32.318333333333335,-67.96072112414868,-412.3141190040121
32.35166666666667,-56.90624993717893,-415.90173486948333
32.385000000000005,-45.512886457705235,-421.3527982140731
32.41833333333334,-33.44826240434486,-426.5555941099001
32.45166666666667,-19.91473904120562,-430.66285317432994
32.485,-5.725935096927969,-436.2449424650049
32.51833333333334,10.289575238390626,-440.0827429773012
32.55166666666667,26.616840588042578,-442.7578362418194
32.585,44.22809426867957,-443.6921036289766
32.61833333333333,61.97293967687847,-443.3475732428483
32.65166666666667,80.34959191733606,-442.0915040602381
32.685,97.64698644165446,-439.4399417636869
32.718333333333334,114.32138886688335,-435.91855198157646
32.75166666666667,129.39548996354733,-432.0682586715491
32.78500000000001,142.76470404739166,-428.50542418277746
32.818333333333335,153.31079820091827,-425.94621708941463
32.85166666666667,161.0879861206713,-422.8050543203758
32.885000000000005,165.28952580237365,-420.3145970196638
32.91833333333334,165.2441003909039,-417.92853133136714
32.95166666666667,160.98468644350896,-416.1841754961604
32.985,152.15713087579388,-414.85931344527626
33.01833333333334,137.81643154764197,-414.32988466452457
33.05166666666667,119.41291620962511,-411.9320319391486
33.085,95.25394098697552,-410.3393304054607
33.11833333333333,66.6792544431587,-409.1152959852907
33.15166666666667,33.35537900198733,-408.2562151749039
33.185,-3.596806865076587,-406.95339607523806
33.218333333333334,-43.76159194269667,-407.13354947053585
33.25166666666667,-87.34273133052648,-408.5549115410156
33.28500000000001,-133.25112643878492,-409.56394539255393
33.318333333333335,-181.45383095139118,-410.37596172578765
33.35166666666667,-230.48871681373794,-411.56748929990704
33.385000000000005,-278.5504338638516,-412.2418974553759
33.41833333333334,-325.0026636549444,-412.5083719384452
33.45166666666667,-368.75405092339633,-411.43498639611175
33.485,-408.8495823004537,-410.0834924200103
33.51833333333334,-444.72345229244,-409.28021028561284
33.55166666666667,-474.00375094009087,-407.45609763979473
33.585,-496.6486868270374,-406.21640856331874
33.61833333333333,-504.87288612543557,-378.22333734539916
33.65166666666667,-511.55669548460014,-376.91124651272094
33.685,-509.72591422278833,-377.8044585086236
33.718333333333334,-497.82716961269125,-380.8690324625841
33.75166666666667,-475.68739131865914,-386.64208945742666
33.78500000000001,-445.52146719585426,-393.59897598069256
33.818333333333335,-405.70560315015337,-402.5415545677761
33.85166666666667,-356.77486968784865,-410.2996684882687
33.885000000000005,-302.87056256094115,-438.43303637008376
33.91833333333334,-238.77960512067216,-443.5458905701139
33.95166666666667,-169.74993175144232,-443.3606024655162
33.985,-99.84975796986646,-447.30938572833657
34.01833333333334,-26.81950838661146,-449.58259320541515
34.05166666666667,46.00060917950259,-423.0535621582367
34.085,115.52639507592903,-415.6578110030546
34.11833333333333,181.45380114177988,-406.434660385225
34.15166666666667,242.5948088463715,-394.59536336295287
34.185,297.41135092476816,-381.73998537787793
34.218333333333334,346.1272253065713,-369.1257497014708
34.25166666666667,386.51188889685,-358.50385826292086
34.28500000000001,418.0162650506836,-350.492453390053
34.318333333333335,440.21430833541626,-342.75533902686084
34.35166666666667,452.06308954254973,-337.6740583867329
34.385000000000005,453.7218245431586,-335.77154472472967
34.41833333333334,445.0838326226017,-337.20606078757146
34.45166666666667,426.3864395438891,-341.66212738119884
34.485,394.5300686789583,-348.3430772288161
34.52,354.5509195025438,-357.4025339165439
34.553333333333335,304.3836645418064,-369.63908865327585
34.586666666666666,247.3282056864441,-404.35226154284874
34.620000000000005,180.1272056465682,-414.2689042266911
34.653333333333336,105.83065013829082,-422.87035416257277
34.68666666666667,26.70259695475488,-432.22711882425824
34.72,-55.762355214084664,-439.90518831060035
34.75333333333334,-141.4455594410656,-444.4351514611949
34.78666666666667,-229.50793659551164,-444.10871064545927
34.82,-315.7373650181635,-441.6206526957435
34.85333333333334,-396.8318947682242,-436.0784467569406
34.88666666666667,-472.26393833938437,-428.6286990194485
34.92,-541.4887741507953,-419.6119031224341
34.95333333333333,-599.8460295058799,-408.9268875488533
34.98666666666667,-646.9516908634871,-400.1067280437069
35.02,-681.9342126278389,-392.34327080916773
35.053333333333335,-702.9116266894821,-384.1972858473257
35.086666666666666,-700.1452563343678,-352.89630138040934
35.120000000000005,-693.7463075381786,-352.0063289495406
35.153333333333336,-674.7282264956038,-354.4470917121639
35.18666666666667,-643.3850939086444,-360.5509545744667
35.22,-600.4872420408738,-368.6717361031847
35.25333333333334,-546.4835449874224,-378.5261304477706
35.28666666666667,-483.1141717724711,-387.93788902380993
35.32,-418.4116691286222,-414.2725355131515
35.35333333333334,-344.313726884463,-424.2479637866959
35.38666666666667,-253.7308413303972,-408.3828827984321
35.42,-126.06133730486181,-397.6436813939931
35.45333333333333,-80.41884816753918,-395.8115183246073
35.48666666666667,-2.9492902366409908,-390.79353852144004
35.52,78.60076892516258,-382.8937624957116
35.553333333333335,153.4352914838605,-373.94111841222184
35.586666666666666,222.28055256197513,-364.7375321029481
35.620000000000005,282.1746303691443,-355.6867562788516
35.653333333333336,336.51499222365146,-347.849593758629
35.68666666666667,381.66554397609434,-341.9419363529587
35.72,416.4278000900149,-338.7781774268244
35.75333333333334,442.5062453539431,-337.82387331740324
35.78666666666667,456.8430813187165,-339.8473647808378
35.82,460.0004606941184,-343.78377770978705
35.85333333333334,451.6692351477577,-349.988302590426
35.88666666666667,430.7105028479773,-357.8394215873036
35.92,398.4603513805969,-366.76130484576197
35.95333333333333,363.5359835652307,-374.7932516604942
35.98666666666667,321.516574132821,-382.8314277789459
36.02,267.5171800206281,-391.7887420697648
36.053333333333335,202.22778355059427,-400.71455089139545
36.086666666666666,135.2806449267573,-407.7829487515696
36.120000000000005,62.26636479760464,-413.73433671393377
36.153333333333336,-10.986754057328653,-416.88218255926245
36.18666666666667,-85.39903789856248,-417.96356820504
36.22,-157.6069646113324,-416.82273618270415
36.25333333333334,-226.42399206486743,-413.009004029062
36.28666666666667,-290.3891281635324,-406.98282323906506
36.32,-347.7646735837425,-399.0122468255179
36.35333333333334,-397.1159417581339,-389.8479776902775
36.38666666666667,-439.3522889782132,-380.6655022237758
36.42,-473.28777973711044,-371.01058272802993
36.45333333333333,-497.66933584372646,-362.7802226503786
36.48666666666667,-512.5200403150616,-355.81397896029694
36.52,-517.8630144614046,-351.2621776283022
36.553333333333335,-513.032416401413,-349.76644273383863
36.586666666666666,-499.8876113114652,-351.1681920425517
36.620000000000005,-478.53050071764073,-354.8749240245022
36.653333333333336,-450.4667184500213,-360.116748395606
36.68666666666667,-417.07422682180595,-366.024143626076
36.72,-378.1300597821876,-371.93572669437526
36.75333333333334,-335.66107833565684,-377.06953604201135
36.78666666666667,-289.6800409581356,-381.1463206193521
36.82,-242.42577927328648,-383.58040337585203
36.85333333333334,-195.4111068146217,-385.51869202305693
36.88666666666667,-148.89170495078838,-386.6040722946011
36.92,-100.12026269783746,-386.8665137585299
36.95333333333333,-55.355348319700624,-386.7601305574731
36.98666666666667,-12.889815596493008,-386.49959504728963
37.02,26.92122397418052,-386.8965333708911
37.053333333333335,61.39576998980124,-387.64550089687464
37.086666666666666,92.67300159191313,-388.79515735908285
37.120000000000005,118.62319692775532,-389.99168818606995
37.153333333333336,138.9136967601496,-391.8773763244685
37.18666666666667,153.23309015205768,-393.6717462481895
37.22,162.33049204092526,-395.52749432868495
37.25333333333334,166.794929095018,-397.0326519675468
37.28666666666667,166.51285381021057,-397.91122426494053
37.32,161.4856031912259,-398.70622597425063
37.35333333333334,153.3091094848778,-399.0108441831651
37.38666666666667,141.2023304067029,-399.3693770187092
37.42,126.31924731903814,-399.826945494711
37.45333333333333,108.68997123560666,-400.49550822425635
37.48666666666667,90.31236584311227,-400.7610644382289
37.52166666666667,70.68984024904148,-400.91048193308916
37.555,50.498933366382516,-400.86172650534763
37.58833333333334,29.715053529012494,-400.7058399229784
37.62166666666667,9.936006059048395,-399.7059189300228
37.655,-8.787174859228799,-397.97376211931623
37.68833333333333,-27.254089095943073,-395.70909609310047
37.72166666666667,-43.562425493845694,-392.1004308942411
37.755,-59.60203904870377,-388.4276888387276
37.788333333333334,-73.53962296336795,-384.71496585771683
37.82166666666667,-85.84853200158523,-380.87813527990556
37.855000000000004,-97.22344527764562,-377.9886068298092
37.888333333333335,-107.43154162642122,-375.9170500786813
37.92166666666667,-116.59902879214292,-375.0049513143663
37.955000000000005,-125.44422121432422,-375.8930437861036
37.98833333333334,-134.79367370305908,-377.8842458662923
38.02166666666667,-144.2283900568932,-380.68812952950884
38.055,-153.86407906112845,-383.402431252056
38.08833333333334,-162.68163247299344,-386.0299350009202
38.12166666666667,-173.1155418297344,-388.2736062383419
38.155,-184.59091698150405,-389.81159926727196
38.18833333333333,-196.24954920777805,-391.12031906383936
38.22166666666667,-208.54482732108045,-391.8699538748242
38.255,-221.15976346466596,-392.66873848707064
38.288333333333334,-233.44331331225635,-392.9615863490326
38.32166666666667,-245.77290659651499,-393.3160424049411
38.355000000000004,-257.3577160747627,-393.8244005310821
38.388333333333335,-268.4571286879436,-393.9759054665865
38.42166666666667,-278.2371040578562,-393.95135531870574
38.455000000000005,-286.3306086039124,-394.1583627346545
38.48833333333334,-291.8539002864409,-393.9393589272331
38.52166666666667,-294.24111784656975,-393.94744800853937
38.555,-292.5584206807482,-393.7856852949835
38.58833333333334,-287.40569656765274,-393.35683409697185
38.62166666666667,-278.3967044394749,-392.89953890909374
38.655,-265.424492967124,-392.5778069586677
38.68833333333333,-247.4670478465057,-391.91467759793363
38.72166666666667,-225.64148957776843,-391.58721437969257
38.755,-199.15205473081414,-391.6950059832752
38.788333333333334,-169.47378366969906,-391.8027945197314
38.82166666666667,-135.57342552811565,-392.0518044935652
38.855000000000004,-99.64543674142897,-392.7172392389357
38.888333333333335,-59.80841469286156,-392.925469389349
38.92166666666667,-18.763805119704557,-393.01904875951095
38.955000000000005,22.453419743403856,-392.594700754526
38.98833333333334,63.96030531285601,-391.6682855596048
39.02166666666667,104.34378921780603,-389.6721134339534
39.055,143.60008544215452,-386.8090811304926
39.08833333333334,181.01106888292725,-383.1162221298496
39.12166666666667,214.05339578251528,-378.9127169930455
39.155,242.5581905219642,-374.84222861435455
39.18833333333333,265.79263163488486,-370.7675890723526
39.22166666666667,284.0600711101647,-367.17163433116684
39.255,294.2139121535565,-364.743854693671
39.288333333333334,298.161036892272,-363.66683172407056
39.32166666666667,295.4416835091215,-363.80012759641636
39.355000000000004,285.59610582662344,-365.03416487712275
39.388333333333335,267.4422835223786,-367.89652483128316
39.42166666666667,240.31949825567426,-372.6723417042822
39.455000000000005,205.73744229125236,-378.88570832785445
39.48833333333334,162.57435793885406,-385.6382618266973
39.52166666666667,114.43652903956831,-391.8652842677882
39.555,59.60790865677109,-398.01248182977906
39.58833333333334,-0.6437452589543682,-402.8755217834041
39.62166666666667,-63.602296402065804,-405.8441091498753
39.655,-128.33011636884066,-407.014189376604
39.68833333333333,-196.0793653483704,-406.1412243425614
39.72166666666667,-261.84272499320423,-402.938349920307
